"proj_week","proj_player","proj_pos","proj_tm","proj_opp","proj_afpa","proj_afpa_rk","proj_ffpts","proj_comp","proj_pass_att","proj_pass_yds","proj_pass_td","proj_int","proj_rush_att","proj_rush_yds","proj_rush_td","proj_rec","proj_rec_yds","proj_rec_td","proj_field","prev_wk_field","prev_wk_opp","prev_wk_g#","prev_wk_rush_att","prev_wk_rush_yds","prev_wk_rush_yds_per_att","prev_wk_rush_td","prev_wk_rec_tgt","prev_wk_rec_rec","prev_wk_rec_yds","prev_wk_rec_yds_per_rec","prev_wk_rec_td","prev_wk_rec_ctch_per","prev_wk_rec_yds_per_tgt","prev_wk_fantasy_fantpt","prev_wk_fantasy_ppr","prev_wk_fantasy_dkpt","prev_wk_fantasy_fdpt","ytd_rush_g","ytd_rush_att","ytd_rush_yds","ytd_rush_td","ytd_rush_1d","ytd_rush_yds_per_att","ytd_rush_yds_per_gm","ytd_rush_fmb","ytd_rec_tm","ytd_rec_pos","ytd_rec_g","ytd_rec_target","ytd_rec_rec","ytd_rec_ctch_per","ytd_rec_yds","ytd_rec_yds_per_rec","ytd_rec_td","ytd_rec_1d","ytd_rec_yds_per_target","ytd_rec_rec_per_gm","ytd_rec_yds_per_gm","ytd_rec_fmb","rushing_twenty_att","rushing_twenty_yds","rushing_twenty_td","rushing_twenty_per_rush","rushing_ten_att","rushing_ten_yds","rushing_ten_td","rushing_ten_per_rush","rushing_five_att","rushing_five_yds","rushing_five_td","rushing_five_per_rush","receiving_twenty_tgt","receiving_twenty_rec","receiving_twenty_yds","receiving_twenty_td","receiving_twenty_per_tgt","receiving_ten_tgt","receiving_ten_rec","receiving_ten_yds","receiving_ten_td","receiving_ten_per_tgt","def_tot_g","def_tot_pf","def_tot_yds","def_tot_yds_per_play","def_tot_to","def_tot_first_dn","def_penalties_pen","def_tot_sc_per","def_tot_to_per","def_tot_exp","def_third_d_per","def_fourth_d_per","def_red_zone_att","def_red_zone_td","def_red_zone_pct","def_rush_td","def_rush_yds_per_att","def_rush_yds_per_gm","def_rush_exp","def_pass_comp_per","def_pass_yds","def_pass_td","def_pass_td_per","def_pass_int","def_pass_defended","def_pass_int_per","def_pass_yds_per_att","def_pass_ayds_per_att","def_pass_yds_per_catch","def_pass_yds_per_gm","def_pass_qb_rating_allowed","def_pass_sacks","def_pass_net_yds_per_att","def_pass_adj_net_yds_per_att","def_pass_exp","def_adv_dadot","def_adv_air","def_adv_yac","def_adv_bltz","def_adv_bltz_per","def_adv_hrry","def_adv_hrry_per","def_adv_qbkd","def_adv_qbkd_per","def_adv_sk","def_adv_prss","def_adv_prss_per","def_adv_mtkl","def_num_dr","def_plays","def_sc_per","def_to_per","def_avg_drive_plays","def_avg_drive_yds","def_avg_drive_start","def_avg_drive_time","def_avg_drive_pts","pts_vs_g","pts_vs_rush_att","pts_vs_rush_yds","pts_vs_rush_td","pts_vs_rec_tgt","pts_vs_rec_rec","pts_vs_rec_yds","pts_vs_rec_td","pts_vs_fantasy_per_game_fdpt","total_touches","high_value_touches","high_value_touches_per"
12,"Dalvin Cook","RB","MIN","CAR",19.8,22,20.8,0,0,0,0,0,21.2,96.6,0.8,3.7,34.7,0.2,1,1,"DAL",10,27,115,4.26,1,5,5,45,9,0,100,9,20,25,29,22.5,9,22.33,118.78,1.44,58,5.3,118.8,3,"MIN","RB",9,3.33,2.78,83.3,26,9.4,0.11,11,7.8,2.8,26,3,34,125,10,57.6,23,49,10,57.5,15,18,6,75,NA,NA,NA,NA,NA,NA,NA,NA,NA,NA,11,272,3985,5.7,14,251,61,49.1,13.2,-103.86,51.8,60,"41",24,58.5,14,4.6,116.8,-9.22,67.9,2700,16,4,5,43,1.2,6.9,7.2,10.2,245.5,95.5,16,6.4,6.6,-99.19,7.4,1745,1373,92,"21.2%",41,"9.4%",30,"7.4%",16,87,"20.0%",87,106,723,49.1,13.2,6.8,37.3,-31.1,361,2.6,"11","236","1123","10","86","68","466","2","23.7",25.66,5.89,0.23
12,"Derrick Henry","RB","TEN","IND",15.1,7,16.9,0,0,0,0,0,20.3,107.3,0.7,1.3,10.6,0.1,2,2,"BAL",10,28,133,4.75,1,2,1,-1,-1,0,50,-0.5,19.2,20.2,23.2,19.7,10,22.9,107.9,0.9,54,4.7,107.9,0,"TEN","RB",10,2.2,1.2,54.5,8.6,7.2,0,4,3.9,1.2,8.6,0,46,119,7,78,26,57,7,81.3,12,14,5,92.3,1,1,5,0,2.3,1,1,5,0,4.3,10,208,2981,5,17,189,54,32.7,15.4,-10.9,40.8,50,"29",19,65.5,8,3.5,89.2,18.02,63.3,2089,14,4.3,12,51,3.7,6.9,6.1,11,208.9,82.7,22,6,5.3,-27.66,8.2,1319,1000,68,"18.6%",39,"10.7%",21,"6.5%",22,82,"22.4%",38,104,613,32.7,15.4,5.9,28.7,-24.8,285,1.83,"10","203","696","5","54","45","289","4","17.7",25.1,4.8,0.19
12,"Nick Chubb","RB","CLE","JAX",21.2,26,16,0,0,0,0,0,16.1,90,0.9,0.9,7.7,0.1,2,1,"PHI",10,20,114,5.7,0,0,0,0,NA,0,0,NA,11.4,11.4,14.4,11.4,6,16,95.83,0.83,28,6,95.8,1,"CLE","RB",6,0.67,0.5,75,2.83,5.7,0,1,4.3,0.5,2.8,1,12,53,4,22.6,6,13,2,25,4,1,1,30.8,NA,NA,NA,NA,NA,NA,NA,NA,NA,NA,10,298,4113,6.3,10,237,50,48.7,8.8,-140.25,42.2,70,"37",22,59.5,13,4.3,129.1,-1.55,70.1,2822,21,6,8,41,2.3,8.2,8.4,11.8,282.2,105.4,9,7.9,8.1,-143.69,8.3,1472,1458,118,"31.2%",30,"7.9%",34,"9.8%",9,73,"19.3%",69,113,681,48.7,8.8,6,36.4,-31,291,2.66,"10","238","973","9","73","62","441","2","23.6",16.67,1.67,0.1
12,"Aaron Jones","RB","GNB","CHI",12.9,3,15.5,0,0,0,0,0,14.9,64.1,0.7,3.6,22.1,0.1,1,2,"IND",10,10,41,4.1,1,4,4,30,7.5,0,100,7.5,13.1,17.1,17.1,15.1,8,14.12,66.75,0.75,25,4.7,66.8,2,"GNB","RB",8,5.38,4,74.4,32.62,8.2,0.25,12,6.1,4,32.6,2,19,49,5,48.7,13,21,4,50,8,8,3,57.1,9,4,13,2,18.8,5,3,14,2,16.7,10,209,3401,5.2,11,205,64,37,9.2,-12.02,33.3,66.7,"34",15,44.1,6,4,115.1,21.14,61.1,2250,12,3.4,6,45,1.7,6.8,6.7,11.1,225,85.7,21,6.1,6,-34.58,8.5,1457,1064,83,"21.4%",28,"7.2%",28,"8.0%",21,77,"19.8%",60,119,690,37,9.2,5.8,28.6,-29.9,275,1.71,"10","240","972","6","64","46","323","0","18.5",19.5,7,0.36
12,"James Robinson","RB","JAX","CLE",16.2,9,15.4,0,0,0,0,0,19.3,80.3,0.5,3,21.9,0.2,1,1,"PIT",10,17,73,4.29,0,2,2,21,10.5,0,100,10.5,9.4,11.4,11.4,10.4,10,17.2,76.2,0.5,40,4.4,76.2,2,"JAX","RB",10,4.1,3.1,75.6,24.9,8,0.2,11,6.1,3.1,24.9,2,21,97,5,77.8,5,12,3,71.4,3,6,3,100,3,3,29,2,7.7,2,2,15,1,13.3,10,261,3529,5.3,17,230,55,41.7,16.5,-71.98,45.6,88.2,"41",24,58.5,9,4,105,-13.69,66.1,2479,20,5.3,9,48,2.4,7.1,7.1,10.8,247.9,94.6,27,6.2,6.2,-58.96,7.9,1531,1232,99,"23.7%",40,"9.6%",15,"4.0%",27,82,"19.7%",58,103,680,41.7,16.5,6.6,34,-30,295,2.38,"10","202","794","7","57","46","377","1","18.4",21.3,4.6,0.22
12,"Josh Jacobs","RB","LVR","ATL",12.5,2,15.1,0,0,0,0,0,17.5,69.9,0.8,2.6,18.7,0.1,2,1,"KAN",10,17,55,3.24,1,1,1,9,9,0,100,9,12.4,13.4,13.4,12.9,10,19.9,75.5,0.9,46,3.8,75.5,1,"LVR","RB",10,3.1,2.4,77.4,15.8,6.6,0,4,5.1,2.4,15.8,1,41,114,9,71.9,23,48,7,88.5,11,10,3,91.7,2,0,0,0,4.8,1,0,0,0,4,10,275,4066,6.4,11,230,54,44,10.1,-109.46,38.5,37.5,"33",25,75.8,11,4.4,106.3,18.52,68.4,3003,22,5.9,7,35,1.9,8.4,8.7,12.3,300.3,105.9,17,7.7,8,-133.91,8.8,1848,1383,122,"29.7%",44,"10.7%",42,"11.2%",17,103,"25.1%",61,109,652,44,10.1,6,37.3,-27.9,278,2.53,"10","184","667","4","69","55","406","4","18.1",23,5.4,0.23
12,"Ezekiel Elliott","RB","DAL","WAS",18,15,15,0,0,0,0,0,16.5,67.1,0.6,3.7,22.7,0.2,1,2,"MIN",10,21,103,4.9,0,2,2,11,5.5,1,100,5.5,17.4,19.4,22.4,18.4,11,16.45,64.27,0.45,47,3.9,64.3,6,"DAL","RB",11,4.91,3.55,72.2,23.27,6.6,0.18,15,4.7,3.5,23.3,6,30,75,5,73.2,24,29,4,82.8,15,2,4,75,6,5,25,2,12,1,1,6,1,4.8,11,243,3405,5,13,200,61,37.1,10.5,1.32,37.9,37.5,"31",15,48.4,9,4.3,114.9,2.64,64.7,2141,16,4.7,10,32,2.9,7,6.6,10.8,194.6,88.5,36,5.6,5.3,0.76,9.4,1279,966,111,"28.3%",36,"9.2%",21,"6.1%",36,93,"23.7%",83,124,700,37.1,10.5,5.6,27.4,-29.5,278,1.92,"11","242","966","5","54","41","280","3","17.4",21.36,7.09,0.33
12,"Alvin Kamara","RB","NOR","DEN",19.1,18,13.9,0,0,0,0,0,12.7,52.5,0.7,3.4,24.5,0.1,2,1,"ATL",10,13,45,3.46,1,1,0,0,NA,0,0,0,10.5,10.5,10.5,10.5,10,11.7,53.1,0.8,36,4.5,53.1,1,"NOR","RB",10,8.1,6.7,82.7,64.8,9.7,0.4,29,8,6.7,64.8,1,28,74,8,40.6,20,44,8,48.8,10,16,7,52.6,11,8,65,3,19.6,2,2,1,1,9.1,10,267,3463,5.2,10,200,61,41.5,8.5,-30.93,38.7,44.4,"37",18,48.6,10,4.3,121.5,8.23,65.8,2248,15,4.2,7,41,1.9,6.7,6.7,10.2,224.8,90.8,28,5.8,5.8,-45.62,8,1425,1090,120,"29.7%",48,"11.9%",28,"7.8%",28,104,"25.7%",54,118,695,41.5,8.5,5.9,29.1,-33.1,279,2.09,"10","233","977","7","70","51","344","1","20.4",19.8,10.1,0.51
12,"Miles Sanders","RB","PHI","SEA",18.7,17,13.7,0,0,0,0,0,16.4,70.8,0.4,2.8,22.7,0.1,1,2,"CLE",10,16,66,4.13,0,5,3,15,5,0,60,3,6.1,9.1,10.1,7.6,7,14.57,83.57,0.43,29,5.7,83.6,3,"PHI","RB",7,5,2.43,48.6,16.57,6.8,0,5,3.3,2.4,16.6,3,12,48,2,34.3,8,10,2,36.4,3,3,1,42.9,1,1,11,0,2.4,0,0,0,0,0,10,287,4349,6,15,270,59,47.3,12.7,-116.82,49.6,56.3,"40",28,70,15,3.6,91.2,-1.45,69.7,3437,18,4,9,49,2,8,7.9,11.5,343.7,98.4,25,7.3,7.2,-130.19,8.2,2167,1423,168,"34.2%",47,"9.6%",34,"7.6%",25,106,"21.6%",65,110,743,47.3,12.7,6.8,39.6,-26,288,2.62,"10","184","673","10","82","66","497","2","22.2",19.57,6.14,0.31
12,"Antonio Gibson","RB","WAS","DAL",17.7,13,13.4,0,0,0,0,0,15.7,63.9,0.6,2.4,21.8,0.1,2,1,"CIN",10,16,94,5.88,1,2,1,10,10,0,50,5,16.4,17.4,17.4,16.9,11,12.64,58.64,1,33,4.6,58.6,2,"WAS","RB",11,3.55,2.91,82.1,21.18,7.3,0,9,6,2.9,21.2,2,27,104,9,45,16,39,7,47.1,9,15,5,42.9,3,2,12,0,8.6,1,0,0,0,8.3,11,359,4202,5.8,10,248,62,46.8,8.1,-116.05,49.7,46.2,"40",27,67.5,15,4.9,156.4,-47.21,63.8,2482,25,7.1,4,28,1.1,7.4,8.3,11.6,225.6,105.1,22,6.7,7.5,-78.53,8.6,1315,1074,95,"24.4%",37,"9.5%",28,"8.0%",22,87,"22.3%",70,124,743,46.8,8.1,6,33.9,-32.4,290,2.69,"11","298","1438","12","54","40","235","0","23.4",16.19,5,0.31
12,"Mike Davis","RB","CAR","MIN",18.2,16,13.4,0,0,0,0,0,14.1,57.9,0.4,2.9,19.8,0.3,2,1,"DET",11,19,64,3.37,1,2,2,15,7.5,0,100,7.5,13.9,15.9,15.9,14.9,11,10.09,40.82,0.27,24,4,40.8,1,"CAR","RB",11,5.09,4.45,87.5,27.73,6.2,0.18,15,5.4,4.5,27.7,1,25,61,3,39.1,14,18,3,41.2,6,2,3,40,10,8,29,2,26.3,5,3,7,1,25,10,278,3828,5.8,12,228,46,49.1,8.5,-90.94,36.2,66.7,"36",20,55.6,6,4.3,122.1,-5.16,66.7,2607,22,6.1,8,30,2.2,7.5,7.8,11.3,260.7,100.1,19,6.9,7.1,-90.41,8.5,1603,1148,110,"27.8%",33,"8.3%",28,"7.8%",19,80,"20.2%",67,106,683,49.1,8.5,6.4,35.7,-34.5,296,2.53,"10","232","1034","6","72","56","369","1","21.0",15.18,6.36,0.42
12,"Kareem Hunt","RB","CLE","JAX",21.2,26,13.3,0,0,0,0,0,13.1,60.3,0.1,3.6,25.7,0.4,2,1,"PHI",10,13,11,0.85,1,1,1,10,10,0,100,10,8.1,9.1,9.1,8.6,10,14.7,64.4,0.4,36,4.4,64.4,1,"CLE","RB",10,3,2.2,73.3,15.1,6.9,0.4,11,5,2.2,15.1,1,32,94,4,60.4,13,16,3,54.2,7,4,2,53.8,8,6,36,4,28.6,5,4,25,4,29.4,10,298,4113,6.3,10,237,50,48.7,8.8,-140.25,42.2,70,"37",22,59.5,13,4.3,129.1,-1.55,70.1,2822,21,6,8,41,2.3,8.2,8.4,11.8,282.2,105.4,9,7.9,8.1,-143.69,8.3,1472,1458,118,"31.2%",30,"7.9%",34,"9.8%",9,73,"19.3%",69,113,681,48.7,8.8,6,36.4,-31,291,2.66,"10","238","973","9","73","62","441","2","23.6",17.7,4.3,0.24
12,"Nyheim Hines","RB","IND","TEN",23.5,30,13.1,0,0,0,0,0,10.5,33.1,0.4,4.3,37.8,0.3,1,1,"GNB",10,6,2,0.33,0,4,3,31,10.33,0,75,7.75,5.3,8.3,8.3,6.8,10,5.1,17.9,0.2,12,3.5,17.9,0,"IND","RB",10,4.5,3.6,80,29.6,8.2,0.4,17,6.6,3.6,29.6,0,13,32,2,25,9,8,1,33.3,3,4,1,20,8,6,44,2,17,2,2,13,1,12.5,10,259,3889,5.7,15,238,65,43.1,13.7,-98.15,54,68.8,"39",27,69.2,10,4.4,121.5,-20.49,67.1,2674,21,5.3,10,62,2.5,7,6.9,10.5,267.4,94.4,12,6.6,6.5,-91.21,7.9,1582,1185,119,"28.1%",26,"6.1%",36,"9.1%",12,74,"17.5%",72,102,695,43.1,13.7,6.8,37.9,-27.2,369,2.51,"10","222","969","9","59","41","321","5","23.0",9.6,5.4,0.56
12,"Clyde EdwardsHelaire","RB","KAN","TAM",13.1,4,12.2,0,0,0,0,0,14.7,59,0.3,2.9,24.1,0.1,2,2,"LVR",10,14,69,4.93,2,2,1,8,8,0,50,4,19.7,20.7,20.7,20.2,10,14,65.5,0.4,35,4.7,65.5,0,"KAN","RB",10,4.5,2.9,64.4,23.2,8,0.1,9,5.2,2.9,23.2,0,25,81,3,54.3,13,6,1,52,8,0,1,66.7,6,3,20,1,11.8,3,2,9,1,9.7,11,253,3416,5,19,206,62,33.9,15,7.75,41,50,"35",24,68.6,8,3.2,73,34,69.2,2613,20,4.9,14,50,3.4,7,6.5,10.1,237.5,91.1,32,6,5.4,-23.4,7.4,1650,1351,190,"41.9%",43,"9.5%",41,"10.1%",32,116,"25.6%",63,127,706,33.9,15,5.6,26.9,-30,279,1.9,"11","194","587","7","86","70","442","3","17.8",18.5,5.8,0.31
12,"Chris Carson","RB","SEA","PHI",16.8,12,12.1,0,0,0,0,0,11.3,47.2,0.3,3.4,23.2,0.2,2,NA,NA,NA,NA,NA,NA,NA,NA,NA,NA,NA,NA,NA,NA,NA,NA,NA,NA,6,11,53.83,0.5,20,4.9,53.8,1,"SEA","RB",6,4.17,3.67,88,24.5,6.7,0.5,9,5.9,3.7,24.5,1,11,36,2,32.4,7,13,2,35,5,4,2,35.7,5,4,45,3,9.1,3,2,8,1,9.4,10,254,3427,5.1,11,216,72,36,8,-26.89,38.1,41.7,"32",21,65.6,15,4.2,133.4,7.67,66.2,2093,13,4,3,29,0.9,7.1,7.5,10.8,209.3,96.3,34,5.8,6.1,-34.81,7.7,1327,1077,90,"24.1%",31,"8.3%",29,"8.8%",34,94,"25.2%",69,125,697,36,8,5.6,27.3,-31.6,273,1.98,"10","241","838","10","44","35","296","0","18.9",15.17,5.34,0.35
12,"Austin Ekeler","RB","LAC","BUF",19.7,21,12,0,0,0,0,0,10.8,43.1,0.2,4.5,33.5,0.2,2,NA,NA,NA,NA,NA,NA,NA,NA,NA,NA,NA,NA,NA,NA,NA,NA,NA,NA,4,12.25,62,0.25,14,5.1,62,0,"LAC","RB",4,4.25,4.25,100,36,8.5,0,7,8.5,4.3,36,0,5,46,1,10.9,1,4,0,4.2,0,0,0,0,NA,NA,NA,NA,NA,NA,NA,NA,NA,NA,10,265,3737,5.8,16,232,58,48,16,-102.96,46.5,54.5,"40",25,62.5,15,4.8,135,-37.85,67.9,2387,15,4.5,7,39,2.1,7.6,7.5,11.2,238.7,96.5,27,6.6,6.6,-70.7,7.2,1463,1063,140,"36.5%",22,"5.7%",27,"8.1%",27,76,"19.8%",79,100,659,48,16,6.6,37.2,-27.6,296,2.64,"10","229","1069","9","53","40","344","0","21.3",16.5,4.5,0.27
12,"Wayne Gallman","RB","NYG","CIN",17.9,14,12,0,0,0,0,0,13.6,50.5,0.8,2,14.1,0,2,NA,NA,NA,NA,NA,NA,NA,NA,NA,NA,NA,NA,NA,NA,NA,NA,NA,NA,9,7.67,30.56,0.56,19,4,30.6,0,"NYG","RB",9,1.78,1.44,81.3,8.33,5.8,0,2,4.7,1.4,8.3,0,10,28,5,32.3,7,17,5,46.7,6,9,5,50,2,2,8,0,4.3,0,0,0,0,0,10,270,3909,6.1,10,226,65,43.4,8.8,-102.71,45.2,42.9,"38",27,71.1,8,5,136.2,-17.95,63,2547,22,6.3,9,47,2.6,7.4,7.5,11.8,254.7,95.6,13,7,7.1,-89.88,8.7,1513,1094,116,"30.8%",29,"7.7%",26,"7.4%",13,68,"18.0%",69,113,662,43.4,8.8,5.9,34.6,-29.4,271,2.36,"10","230","1206","6","49","34","248","2","21.0",9.45,2.56,0.27
12,"Kenyan Drake","RB","ARI","NWE",19.4,19,11.9,0,0,0,0,0,15.5,75.4,0.4,1.6,12.9,0.1,2,2,"SEA",10,11,29,2.64,1,5,4,31,7.75,0,80,6.2,12,16,16,14,9,16.22,71.22,0.56,38,4.4,71.2,1,"ARI","RB",9,1.78,1.33,75,7.67,5.8,0,1,4.3,1.3,7.7,1,29,80,4,51.8,17,41,4,60.7,8,5,4,53.3,2,1,3,0,6.1,0,0,0,0,0,10,238,3579,6.2,15,204,53,45.8,15.6,-81.24,42.5,33.3,"32",20,62.5,9,4.3,121.8,-9.17,69.1,2361,16,5.7,11,34,3.9,8.7,8.1,12.6,236.1,98.6,13,8,7.4,-74.92,9.5,1259,1147,86,"26.5%",49,"15.1%",22,"7.8%",13,84,"25.9%",58,96,596,45.8,15.6,6.2,37,-26.2,364,2.42,"10","224","990","7","48","41","315","1","19.7",18,3.67,0.2
12,"Brian Hill","RB","ATL","LVR",22.2,28,11.6,0,0,0,0,0,13.2,57.8,0.5,2,14,0.1,1,NA,NA,NA,NA,NA,NA,NA,NA,NA,NA,NA,NA,NA,NA,NA,NA,NA,NA,10,6,26.1,0.1,13,4.4,26.1,1,"ATL","RB",10,2,1.6,80,11.1,6.9,0,3,5.6,1.6,11.1,1,4,10,0,7.3,3,9,0,13,2,3,0,15.4,1,1,4,0,2.4,0,0,0,0,0,10,276,3858,6,11,240,65,49,10.2,-127.01,48,84.6,"41",27,65.9,16,4.4,112.2,-30.08,63.4,2736,16,4.2,8,48,2.1,7.3,7.2,11.6,273.6,90.6,11,7,6.9,-104.35,7.8,1695,1286,79,"19.2%",49,"11.9%",28,"7.3%",11,88,"21.4%",87,98,666,49,10.2,6.8,39.4,-27.4,292,2.78,"10","198","906","12","86","60","498","2","25.6",8,2.3,0.29
12,"David Montgomery","RB","CHI","GNB",23.3,29,11.5,0,0,0,0,0,14.3,53.6,0.4,2.8,23.6,0.1,2,NA,NA,NA,NA,NA,NA,NA,NA,NA,NA,NA,NA,NA,NA,NA,NA,NA,NA,9,14.56,52.44,0.11,27,3.6,52.4,1,"CHI","RB",9,4.56,3.33,73.2,23.56,7.1,0.11,11,5.2,3.3,23.6,1,18,25,1,66.7,10,4,1,71.4,6,1,1,85.7,5,2,11,0,10,2,1,6,0,8,10,258,3443,5.8,9,206,55,41.3,8.7,-73.62,39.5,46.2,"32",21,65.6,11,4.4,113.7,-20.04,67.8,2306,17,5.3,5,36,1.6,7.7,8,11.3,230.6,101.8,21,6.8,7.1,-55.34,7.3,1293,1282,93,"26.1%",26,"7.3%",19,"5.9%",21,66,"18.5%",76,104,615,41.3,8.7,5.9,33.1,-29.2,280,2.32,"10","230","1018","11","74","62","551","4","28.2",19.12,5.67,0.3
12,"Benny Snell Jr","RB","PIT","BAL",16.6,11,11.5,0,0,0,0,0,17.2,69.6,0.7,0.7,4,0,1,2,"JAX",10,7,15,2.14,1,0,0,0,NA,0,0,NA,7.5,7.5,7.5,7.5,10,5.7,19.5,0.3,12,3.4,19.5,2,"PIT","",10,0.3,0.2,66.7,0,0,0,0,0,0.2,0,2,NA,NA,NA,NA,NA,NA,NA,NA,NA,NA,NA,NA,NA,NA,NA,NA,NA,NA,NA,NA,NA,NA,10,195,3330,5.2,15,212,42,30,13.6,-7.77,34.5,42.9,"26",18,69.2,8,4.6,116,15.62,64.8,2170,14,3.9,5,34,1.4,6.6,6.8,10.2,217,91,27,5.6,5.8,-35.13,7.8,1278,1155,179,"44.8%",37,"9.3%",37,"10.3%",27,101,"25.3%",80,110,652,30,13.6,5.9,30.1,-25.1,278,1.74,"10","205","908","4","76","55","370","3","18.9",6,NA,NA
12,"Damien Harris","RB","NWE","ARI",16.6,10,11.2,0,0,0,0,0,12.8,68.1,0.5,1,7.1,0,1,2,"HOU",10,11,43,3.91,1,2,1,11,11,0,50,5.5,11.4,12.4,12.4,11.9,7,13.71,73.43,0.29,22,5.4,73.4,0,"NWE","RB",7,0.57,0.43,75,5.29,12.3,0,3,9.3,0.4,5.3,0,9,42,1,15.8,5,27,1,13.5,1,1,0,6.3,NA,NA,NA,NA,NA,NA,NA,NA,NA,NA,10,238,3677,5.5,12,238,72,41.5,10.4,-73.76,41,63.6,"35",18,51.4,6,4.6,124.7,-22.2,65.5,2430,19,5,8,33,2.1,6.9,7,10.6,243,93.6,25,6,6.1,-62.06,7.6,1296,1350,173,"40.3%",44,"10.3%",33,"8.8%",25,102,"23.8%",79,106,692,41.5,10.4,6.5,34.6,-28.2,361,2.19,"10","217","953","5","63","44","371","3","19.8",14.28,1.28,0.09
12,"Ronald Jones","RB","TAM","KAN",19.6,20,11,0,0,0,0,0,15.3,66.1,0.5,1.4,8.9,0,1,NA,NA,NA,NA,NA,NA,NA,NA,NA,NA,NA,NA,NA,NA,NA,NA,NA,NA,11,13.91,68.55,0.45,38,4.9,68.5,2,"TAM","RB",11,3.45,2.36,68.4,11.27,4.8,0,1,3.3,2.4,11.3,2,25,69,4,54.3,16,30,4,51.6,6,5,3,42.9,4,1,9,0,7,2,0,0,0,5.4,10,214,3551,5.5,15,220,61,36.9,14.6,-48.04,41.3,68.8,"29",22,75.9,10,4.6,133.5,-37.76,63.4,2216,14,4.1,10,35,2.9,6.8,6.3,10.8,221.6,84.9,19,6.2,5.7,-21.35,8.2,1065,1257,140,"36.6%",43,"11.3%",34,"10.0%",19,96,"25.1%",84,103,665,36.9,14.6,6.5,34.3,-25.7,299,2.04,"10","235","1048","6","70","55","462","1","21.7",17.36,4.9,0.28
12,"Duke Johnson","RB","HOU","DET",29.6,32,10.9,0,0,0,0,0,12.9,39.1,0.6,2.6,18.4,0.1,2,1,"NWE",10,10,15,1.5,0,5,3,20,6.67,0,60,4,3.5,6.5,6.5,5,9,7.44,22.33,0.11,9,3,22.3,2,"HOU","RB",9,3,2.22,74.1,19.11,8.6,0.11,6,6.4,2.2,19.1,2,3,0,1,10.3,2,2,1,10.5,1,1,1,6.7,7,6,4,0,14.6,3,2,-1,0,10.3,11,328,4358,6,11,274,73,44,9.5,-149.08,45.3,61.5,"44",29,65.9,17,4.4,133.4,-26.6,65.9,2891,22,5.8,7,38,1.8,7.9,8.3,12.1,262.8,101.7,16,7.3,7.6,-129.56,8.7,1674,1230,84,"20.7%",34,"8.4%",26,"6.8%",16,76,"18.7%",83,116,741,44,9.5,6.4,37.7,-27.1,299,2.66,"11","277","1279","14","78","55","543","7","30.7",10.44,3.22,0.31
12,"Raheem Mostert","RB","SFO","LAR",14.2,6,10.9,0,0,0,0,0,11.1,52.8,0.2,2.4,23.8,0.1,2,NA,NA,NA,NA,NA,NA,NA,NA,NA,NA,NA,NA,NA,NA,NA,NA,NA,NA,4,12.75,75.75,0.25,9,5.9,75.8,0,"SFO","RB",4,3,2.75,91.7,37.5,13.6,0.25,5,12.5,2.8,37.5,0,5,9,0,10.9,2,0,0,9.1,2,0,0,18.2,NA,NA,NA,NA,NA,NA,NA,NA,NA,NA,10,192,2919,4.7,15,187,46,29.1,13.6,32.76,37,35.7,"29",18,62.1,8,3.9,91.3,6.27,62.9,2006,11,3,10,42,2.8,6.1,5.5,9.7,200.6,78.6,32,5.1,4.5,21.82,7.6,1026,1124,112,"27.2%",25,"6.1%",28,"7.8%",32,85,"20.6%",53,110,639,29.1,13.6,5.8,26.5,-27.6,273,1.56,"10","192","747","5","74","52","397","1","17.2",15.75,3.5,0.22
12,"Giovani Bernard","RB","CIN","NYG",21.5,27,10.9,0,0,0,0,0,12.3,41.7,0.3,3.4,24.6,0.2,1,NA,NA,NA,NA,NA,NA,NA,NA,NA,NA,NA,NA,NA,NA,NA,NA,NA,NA,10,5.7,19.1,0.2,11,3.4,19.1,0,"CIN","RB",10,4.1,3.2,78,24.4,7.6,0.2,11,6,3.2,24.4,0,13,45,2,30.2,9,19,1,34.6,4,6,1,28.6,7,5,31,2,13.5,4,3,13,2,16,10,236,3586,5.6,15,224,53,45,13,-60.47,44.3,72.7,"37",20,54.1,10,4,100.9,1.85,68.2,2577,15,4.1,8,52,2.2,7.6,7.5,11.2,257.7,95.3,25,6.7,6.5,-75.72,7.5,1637,1270,114,"28.9%",30,"7.6%",41,"11.3%",25,96,"24.4%",61,100,666,45,13,6.7,35.9,-27,365,2.35,"10","204","870","7","84","62","524","3","22.8",9.8,5,0.51
12,"Zack Moss","RB","BUF","LAC",21.1,25,10.7,0,0,0,0,0,12.7,50.5,0.5,1.5,12.5,0.2,1,NA,NA,NA,NA,NA,NA,NA,NA,NA,NA,NA,NA,NA,NA,NA,NA,NA,NA,7,8.43,32,0.43,15,3.8,32,0,"BUF","",7,1.71,1.29,75,9.71,7.6,0.14,4,5.7,1.3,9.7,0,15,33,3,31.9,9,23,3,32.1,6,9,2,33.3,2,1,4,1,4.3,2,1,4,1,8.3,10,273,3440,5.6,9,192,61,43.8,7.1,-36.9,40,42.9,"33",20,60.6,10,4.6,115.3,6.5,62.1,2287,20,5.7,5,35,1.4,6.8,7.3,10.9,228.7,95.2,17,6.2,6.7,-52.1,9.1,1700,956,61,"15.7%",43,"11.1%",30,"8.5%",17,90,"23.2%",68,112,638,43.8,7.1,5.7,30.7,-32.6,273,2.38,"10","201","960","7","81","60","353","3","22.1",10.14,3,0.3
12,"Matt Breida","RB","MIA","NYJ",20.2,23,10.6,0,0,0,0,0,11.3,50.8,0.4,2.2,15.5,0.1,2,NA,NA,NA,NA,NA,NA,NA,NA,NA,NA,NA,NA,NA,NA,NA,NA,NA,NA,8,4.88,16.5,0,4,3.4,16.5,1,"MIA","",8,1,0.88,87.5,9.88,11.3,0,4,9.9,0.9,9.9,1,5,26,0,8.6,1,5,0,3,0,0,0,0,NA,NA,NA,NA,NA,NA,NA,NA,NA,NA,10,302,4000,5.9,11,245,72,47.7,10.1,-125.33,45.5,55.6,"40",21,52.5,12,3.8,111.7,16.96,72.9,2883,19,5.1,7,40,1.9,8,8.2,11,288.3,105.5,14,7.5,7.7,-148.62,7.5,1658,1328,141,"35.9%",27,"6.9%",29,"7.9%",14,70,"17.8%",100,109,702,47.7,10.1,6.4,36.7,-30.9,364,2.57,"10","230","958","8","83","69","431","1","22.7",5.88,1.12,0.19
12,"Jordan Wilkins","RB","IND","TEN",23.5,30,10.5,0,0,0,0,0,14.8,59.4,0.6,1.2,5.6,0,1,NA,NA,NA,NA,NA,NA,NA,NA,NA,NA,NA,NA,NA,NA,NA,NA,NA,NA,10,7.2,27.1,0.1,15,3.8,27.1,0,"IND","",10,0.8,0.6,75,6,10,0,2,7.5,0.6,6,0,8,15,1,15.4,2,1,1,7.4,2,1,1,13.3,1,0,0,0,2.1,1,0,0,0,6.3,10,259,3889,5.7,15,238,65,43.1,13.7,-98.15,54,68.8,"39",27,69.2,10,4.4,121.5,-20.49,67.1,2674,21,5.3,10,62,2.5,7,6.9,10.5,267.4,94.4,12,6.6,6.5,-91.21,7.9,1582,1185,119,"28.1%",26,"6.1%",36,"9.1%",12,74,"17.5%",72,102,695,43.1,13.7,6.8,37.9,-27.2,369,2.51,"10","222","969","9","59","41","321","5","23.0",8,1,0.12
12,"Gus Edwards","RB","BAL","PIT",15.4,8,10.5,0,0,0,0,0,11.5,63.6,0.5,1.3,7.7,0,2,NA,NA,NA,NA,NA,NA,NA,NA,NA,NA,NA,NA,NA,NA,NA,NA,NA,NA,10,8.5,37.6,0.3,24,4.4,37.6,1,"BAL","RB",10,0.7,0.3,42.9,4.2,14,0,1,6,0.3,4.2,1,12,16,3,22.2,10,17,3,31.3,6,1,2,60,NA,NA,NA,NA,NA,NA,NA,NA,NA,NA,10,174,3069,4.9,21,177,65,27,17.4,41.49,38.8,26.7,"25",14,56,5,4.3,103.4,6.62,54.8,2035,15,4.3,15,53,4.3,6.7,5.6,12.1,203.5,71.8,38,5.3,4.3,29.87,9.6,1494,798,167,"41.9%",58,"14.5%",41,"11.9%",38,137,"34.3%",59,115,635,27,17.4,5.5,26.6,-27.3,265,1.5,"10","201","832","5","51","32","227","1","15.8",9.2,1.7,0.18
12,"JD McKissic","RB","WAS","DAL",17.7,13,10,0,0,0,0,0,5.2,27.5,0.1,4.9,38.5,0.1,2,1,"CIN",10,6,43,7.17,0,4,3,26,8.67,0,75,6.5,6.9,9.9,9.9,8.4,11,4.55,20.27,0.09,17,4.5,20.3,2,"WAS","RB",11,6.18,4.18,67.6,30.73,7.3,0,18,5,4.2,30.7,2,10,24,1,16.7,2,4,1,5.9,1,2,1,4.8,3,1,12,0,8.6,0,0,0,0,0,11,359,4202,5.8,10,248,62,46.8,8.1,-116.05,49.7,46.2,"40",27,67.5,15,4.9,156.4,-47.21,63.8,2482,25,7.1,4,28,1.1,7.4,8.3,11.6,225.6,105.1,22,6.7,7.5,-78.53,8.6,1315,1074,95,"24.4%",37,"9.5%",28,"8.0%",22,87,"22.3%",70,124,743,46.8,8.1,6,33.9,-32.4,290,2.69,"11","298","1438","12","54","40","235","0","23.4",10.73,6.36,0.59
12,"Chase Edmonds","RB","ARI","NWE",19.4,19,10,0,0,0,0,0,5.1,26.7,0.2,3.5,28.3,0.3,2,NA,NA,NA,NA,NA,NA,NA,NA,NA,NA,NA,NA,NA,NA,NA,NA,NA,NA,10,6.4,31.5,0.1,16,4.9,31.5,2,"ARI","RB",10,4.2,3.6,85.7,29.7,8.3,0.3,17,7.1,3.6,29.7,2,8,19,0,14.3,1,-1,0,3.6,1,-1,0,6.7,8,8,69,3,24.2,3,3,15,3,15,10,238,3579,6.2,15,204,53,45.8,15.6,-81.24,42.5,33.3,"32",20,62.5,9,4.3,121.8,-9.17,69.1,2361,16,5.7,11,34,3.9,8.7,8.1,12.6,236.1,98.6,13,8,7.4,-74.92,9.5,1259,1147,86,"26.5%",49,"15.1%",22,"7.8%",13,84,"25.9%",58,96,596,45.8,15.6,6.2,37,-26.2,364,2.42,"10","224","990","7","48","41","315","1","19.7",10.6,4.3,0.41
12,"Leonard Fournette","RB","TAM","KAN",19.6,20,9.6,0,0,0,0,0,9.2,37.2,0.3,2.7,22.3,0.1,1,1,"LAR",11,7,17,2.43,1,4,1,9,9,0,25,2.25,8.6,9.6,9.6,9.1,9,7.33,29,0.33,12,4,29,0,"TAM","",9,3.78,2.78,73.5,17.89,6.4,0,5,4.7,2.8,17.9,0,12,25,2,26.1,8,13,2,25.8,5,5,2,35.7,4,4,22,0,7,2,2,11,0,5.4,10,214,3551,5.5,15,220,61,36.9,14.6,-48.04,41.3,68.8,"29",22,75.9,10,4.6,133.5,-37.76,63.4,2216,14,4.1,10,35,2.9,6.8,6.3,10.8,221.6,84.9,19,6.2,5.7,-21.35,8.2,1065,1257,140,"36.6%",43,"11.3%",34,"10.0%",19,96,"25.1%",84,103,665,36.9,14.6,6.5,34.3,-25.7,299,2.04,"10","235","1048","6","70","55","462","1","21.7",11.11,4.67,0.42
12,"Frank Gore","RB","NYJ","MIA",20.5,24,9.1,0,0,0,0,0,14.1,48.4,0.3,1.9,16.4,0,1,2,"LAC",10,15,61,4.07,1,2,2,10,5,0,100,5,13.1,15.1,15.1,14.1,10,12.3,44.7,0.1,25,3.6,44.7,0,"NYJ","RB",10,1.3,1,76.9,5.8,5.8,0,0,4.5,1,5.8,0,13,39,1,56.5,5,13,1,62.5,2,3,1,66.7,1,0,0,0,5,0,0,0,0,0,10,202,3806,5.8,17,227,56,29.5,15.2,-24.97,33.9,42.1,"32",21,65.6,13,4.8,134.2,-30.24,62.6,2464,13,3.6,9,53,2.5,7.4,7,11.9,246.4,86.8,22,6.5,6.1,2.65,8.8,1434,1251,164,"41.6%",29,"7.4%",34,"9.5%",22,85,"21.6%",64,112,668,29.5,15.2,6,33.9,-24.9,280,1.81,"10","227","1046","8","59","48","392","1","22.0",13.6,1.8,0.13
12,"Kerryon Johnson","RB","DET","HOU",24.9,31,9,0,0,0,0,0,9.7,36,0.3,2.8,18.3,0.1,1,2,"CAR",10,6,17,2.83,0,5,2,21,10.5,0,40,4.2,3.8,5.8,5.8,4.8,11,4.27,15.91,0.09,8,3.7,15.9,1,"DET","RB",11,1.73,1.27,73.7,13.82,10.9,0.09,10,8,1.3,13.8,1,7,23,1,16.3,3,7,1,13,1,1,1,8.3,2,1,9,1,3.8,1,1,9,1,4.3,11,297,4505,6,8,267,47,43.5,7,-150.61,48.3,53.3,"44",27,61.4,15,4.9,154.7,-31.27,67.8,2803,20,5.3,3,35,0.8,7.8,8.5,11.5,254.8,105.4,25,6.9,7.6,-122.57,7.7,1362,1361,129,"31.2%",37,"8.9%",20,"5.3%",25,82,"19.8%",71,115,768,43.5,7,6.7,39.2,-26.9,372,2.52,"11","298","1564","14","74","52","478","0","28.0",6,2,0.33
12,"Adrian Peterson","RB","DET","HOU",24.9,31,8.5,0,0,0,0,0,10.3,43.6,0.3,1.6,10.5,0.1,1,2,"CAR",10,7,18,2.57,0,1,0,0,NA,0,0,0,1.8,1.8,1.8,1.8,11,10.82,40.36,0.36,25,3.7,40.4,0,"DET","RB",11,1.45,1,68.8,7.09,7.1,0,3,4.9,1,7.1,0,23,50,4,53.5,11,18,4,47.8,6,0,3,50,1,0,0,0,1.9,1,0,0,0,4.3,11,297,4505,6,8,267,47,43.5,7,-150.61,48.3,53.3,"44",27,61.4,15,4.9,154.7,-31.27,67.8,2803,20,5.3,3,35,0.8,7.8,8.5,11.5,254.8,105.4,25,6.9,7.6,-122.57,7.7,1362,1361,129,"31.2%",37,"8.9%",20,"5.3%",25,82,"19.8%",71,115,768,43.5,7,6.7,39.2,-26.9,372,2.52,"11","298","1564","14","74","52","478","0","28.0",12.27,2.45,0.2
12,"Latavius Murray","RB","NOR","DEN",19.1,18,8.5,0,0,0,0,0,14.7,56.5,0.2,0.9,8.7,0,2,1,"ATL",10,12,49,4.08,0,2,2,36,18,0,100,18,8.5,10.5,10.5,9.5,10,10.2,42.7,0.2,25,4.2,42.7,0,"NOR","RB",10,1.6,1.4,87.5,13,9.3,0,5,8.1,1.4,13,0,17,60,2,24.6,7,20,2,17.1,3,4,1,15.8,3,2,6,0,5.4,0,0,0,0,0,10,267,3463,5.2,10,200,61,41.5,8.5,-30.93,38.7,44.4,"37",18,48.6,10,4.3,121.5,8.23,65.8,2248,15,4.2,7,41,1.9,6.7,6.7,10.2,224.8,90.8,28,5.8,5.8,-45.62,8,1425,1090,120,"29.7%",48,"11.9%",28,"7.8%",28,104,"25.7%",54,118,695,41.5,8.5,5.9,29.1,-33.1,279,2.09,"10","233","977","7","70","51","344","1","20.4",11.8,2.3,0.19
12,"James White","RB","NWE","ARI",16.6,10,8.3,0,0,0,0,0,1.8,7.1,0.1,4.5,37.8,0.2,1,2,"HOU",10,5,19,3.8,0,9,6,64,10.67,0,66.7,7.11,8.3,14.3,14.3,11.3,8,2.62,8.75,0,3,3.3,8.8,1,"NWE","",8,5.12,4.12,80.5,33.38,8.1,0,13,6.5,4.1,33.4,1,2,8,0,3.5,1,1,0,2.7,0,0,0,0,3,2,0,0,10.7,1,1,-4,0,8.3,10,238,3677,5.5,12,238,72,41.5,10.4,-73.76,41,63.6,"35",18,51.4,6,4.6,124.7,-22.2,65.5,2430,19,5,8,33,2.1,6.9,7,10.6,243,93.6,25,6,6.1,-62.06,7.6,1296,1350,173,"40.3%",44,"10.3%",33,"8.8%",25,102,"23.8%",79,106,692,41.5,10.4,6.5,34.6,-28.2,361,2.19,"10","217","953","5","63","44","371","3","19.8",7.74,5.24,0.68
12,"Darrell Henderson","RB","LAR","SFO",14.1,5,7.7,0,0,0,0,0,8.7,37.1,0.3,1.2,12.4,0.1,1,2,"TAM",10,8,5,0.63,0,3,2,4,2,0,66.7,1.33,0.9,2.9,2.9,1.9,10,11,49.1,0.4,35,4.5,49.1,0,"LAR","RB",10,1.9,1.3,68.4,12.9,9.9,0.1,7,6.8,1.3,12.9,0,30,79,4,49.2,20,36,4,50,9,8,4,50,4,3,20,1,10,1,1,2,0,6.3,10,234,3159,5.2,12,198,54,41.1,10.3,-38.09,38.3,60,"26",16,61.5,7,3.9,107,17.43,65,2089,17,5.4,8,42,2.5,7,6.9,10.8,208.9,92.8,18,6.3,6.2,-57.93,7.7,1185,993,120,"34.1%",44,"12.5%",24,"7.6%",18,86,"24.4%",44,107,625,41.1,10.3,5.8,29.3,-30.3,279,2.13,"10","193","685","5","64","51","407","3","18.3",12.9,3.9,0.3
12,"Melvin Gordon","RB","DEN","NOR",11.5,1,7.7,0,0,0,0,0,13.9,51.3,0.2,1.2,7.4,0.1,1,1,"MIA",10,15,84,5.6,2,0,0,0,NA,0,0,NA,18.4,18.4,19.4,18.4,9,13.56,58.11,0.67,23,4.3,58.1,4,"DEN","RB",9,3.22,2.22,69,9.67,4.4,0.11,3,3,2.2,9.7,4,15,30,4,51.7,9,19,4,52.9,5,6,4,50,3,1,16,1,7.9,2,0,0,0,10.5,10,222,3022,5,15,196,46,39,11.4,-47.69,41.5,57.9,"29",21,72.4,5,3.3,74.3,19.55,63.6,2279,20,5.6,11,46,3.1,7,6.8,11.1,227.9,90.2,32,5.9,5.7,-72.48,9,1571,1062,127,"32.2%",40,"10.1%",27,"7.6%",32,99,"25.1%",53,105,627,39,11.4,6,28.7,-26.2,285,2.12,"10","191","660","3","64","49","288","2","14.9",16.78,4.22,0.25
12,"Jerick McKinnon","RB","SFO","LAR",14.2,6,7.4,0,0,0,0,0,8.4,26.9,0.2,2.5,16.7,0.1,2,NA,NA,NA,NA,NA,NA,NA,NA,NA,NA,NA,NA,NA,NA,NA,NA,NA,NA,10,7.7,29.4,0.5,16,3.8,29.4,0,"SFO","RB",10,3.6,2.5,69.4,18.6,7.4,0.1,9,5.2,2.5,18.6,0,17,71,5,37,8,22,4,36.4,4,1,3,36.4,5,5,28,1,10,2,2,12,1,8,10,192,2919,4.7,15,187,46,29.1,13.6,32.76,37,35.7,"29",18,62.1,8,3.9,91.3,6.27,62.9,2006,11,3,10,42,2.8,6.1,5.5,9.7,200.6,78.6,32,5.1,4.5,21.82,7.6,1026,1124,112,"27.2%",25,"6.1%",28,"7.8%",32,85,"20.6%",53,110,639,29.1,13.6,5.8,26.5,-27.6,273,1.56,"10","192","747","5","74","52","397","1","17.2",11.3,4.4,0.39
12,"Devin Singletary","RB","BUF","LAC",21.1,25,7.2,0,0,0,0,0,6.7,33.5,0.1,2.4,18,0.1,1,NA,NA,NA,NA,NA,NA,NA,NA,NA,NA,NA,NA,NA,NA,NA,NA,NA,NA,10,9.9,40.1,0.1,27,4.1,40.1,0,"BUF","RB",10,3.6,2.5,69.4,18.7,7.5,0,5,5.2,2.5,18.7,0,13,35,1,27.7,6,4,1,21.4,4,1,1,22.2,5,3,10,0,10.9,0,0,0,0,0,10,273,3440,5.6,9,192,61,43.8,7.1,-36.9,40,42.9,"33",20,60.6,10,4.6,115.3,6.5,62.1,2287,20,5.7,5,35,1.4,6.8,7.3,10.9,228.7,95.2,17,6.2,6.7,-52.1,9.1,1700,956,61,"15.7%",43,"11.1%",30,"8.5%",17,90,"23.2%",68,112,638,43.8,7.1,5.7,30.7,-32.6,273,2.38,"10","201","960","7","81","60","353","3","22.1",13.5,4.2,0.31
12,"Tony Pollard","RB","DAL","WAS",18,15,7,0,0,0,0,0,7.5,37,0.2,1.2,11.9,0.1,1,2,"MIN",10,5,60,12,1,0,0,0,NA,0,0,NA,12,12,12,12,11,5.09,25.27,0.18,17,5,25.3,0,"DAL","RB",11,1.91,1.36,71.4,8,5.9,0,5,4.2,1.4,8,0,4,11,1,9.8,1,3,1,3.4,1,3,1,5,3,2,11,0,6,0,0,0,0,0,11,243,3405,5,13,200,61,37.1,10.5,1.32,37.9,37.5,"31",15,48.4,9,4.3,114.9,2.64,64.7,2141,16,4.7,10,32,2.9,7,6.6,10.8,194.6,88.5,36,5.6,5.3,0.76,9.4,1279,966,111,"28.3%",36,"9.2%",21,"6.1%",36,93,"23.7%",83,124,700,37.1,10.5,5.6,27.4,-29.5,278,1.92,"11","242","966","5","54","41","280","3","17.4",7,2,0.29
12,"Carlos Hyde","RB","SEA","PHI",16.8,12,6.8,0,0,0,0,0,8.4,33.9,0.3,1.2,8.7,0,2,1,"ARI",10,14,79,5.64,1,3,2,16,8,0,66.7,5.33,15.5,17.5,17.5,16.5,5,9,40.8,0.6,15,4.5,40.8,0,"SEA","RB",5,2,1.6,80,10,6.3,0,3,5,1.6,10,0,4,21,2,11.8,2,3,2,10,2,3,2,14.3,NA,NA,NA,NA,NA,NA,NA,NA,NA,NA,10,254,3427,5.1,11,216,72,36,8,-26.89,38.1,41.7,"32",21,65.6,15,4.2,133.4,7.67,66.2,2093,13,4,3,29,0.9,7.1,7.5,10.8,209.3,96.3,34,5.8,6.1,-34.81,7.7,1327,1077,90,"24.1%",31,"8.3%",29,"8.8%",34,94,"25.2%",69,125,697,36,8,5.6,27.3,-31.6,273,1.98,"10","241","838","10","44","35","296","0","18.9",11,2.4,0.22
12,"Jamaal Williams","RB","GNB","CHI",12.9,3,6.7,0,0,0,0,0,8.4,33.2,0.2,1.7,15.6,0,1,2,"IND",10,5,12,2.4,0,2,1,4,4,1,50,2,7.6,8.6,8.6,8.1,9,9,37.33,0.11,19,4.1,37.3,0,"GNB","RB",9,3.44,3,87.1,23.56,7.9,0.11,10,6.8,3,23.6,0,14,34,1,35.9,10,17,1,38.5,5,-1,1,35.7,3,3,8,1,6.3,2,2,3,1,6.7,10,209,3401,5.2,11,205,64,37,9.2,-12.02,33.3,66.7,"34",15,44.1,6,4,115.1,21.14,61.1,2250,12,3.4,6,45,1.7,6.8,6.7,11.1,225,85.7,21,6.1,6,-34.58,8.5,1457,1064,83,"21.4%",28,"7.2%",28,"8.0%",21,77,"19.8%",60,119,690,37,9.2,5.8,28.6,-29.9,275,1.71,"10","240","972","6","64","46","323","0","18.5",12.44,4.55,0.37
12,"Ito Smith","RB","ATL","LVR",22.2,28,6.4,0,0,0,0,0,6.7,29.4,0.2,1.4,11.2,0.1,1,NA,NA,NA,NA,NA,NA,NA,NA,NA,NA,NA,NA,NA,NA,NA,NA,NA,NA,8,1.62,5.75,0,0,3.5,5.8,0,"ATL","",8,1.25,0.88,70,5.38,6.1,0,2,4.3,0.9,5.4,0,2,4,0,3.6,2,4,0,8.7,1,-2,0,7.7,2,1,-1,0,4.8,1,1,-1,0,5.3,10,276,3858,6,11,240,65,49,10.2,-127.01,48,84.6,"41",27,65.9,16,4.4,112.2,-30.08,63.4,2736,16,4.2,8,48,2.1,7.3,7.2,11.6,273.6,90.6,11,7,6.9,-104.35,7.8,1695,1286,79,"19.2%",49,"11.9%",28,"7.3%",11,88,"21.4%",87,98,666,49,10.2,6.8,39.4,-27.4,292,2.78,"10","198","906","12","86","60","498","2","25.6",2.87,1.5,0.52
12,"Malcolm Brown","RB","LAR","SFO",14.1,5,6.4,0,0,0,0,0,5.9,23.6,0.3,1.5,9.7,0.1,1,NA,NA,NA,NA,NA,NA,NA,NA,NA,NA,NA,NA,NA,NA,NA,NA,NA,NA,10,8.4,36.7,0.5,24,4.4,36.7,0,"LAR","",10,2.4,1.7,70.8,10.5,6.2,0,7,4.4,1.7,10.5,0,15,56,5,24.6,10,26,5,25,4,5,4,22.2,4,2,1,0,10,1,0,0,0,6.3,10,234,3159,5.2,12,198,54,41.1,10.3,-38.09,38.3,60,"26",16,61.5,7,3.9,107,17.43,65,2089,17,5.4,8,42,2.5,7,6.9,10.8,208.9,92.8,18,6.3,6.2,-57.93,7.7,1185,993,120,"34.1%",44,"12.5%",24,"7.6%",18,86,"24.4%",44,107,625,41.1,10.3,5.8,29.3,-30.3,279,2.13,"10","193","685","5","64","51","407","3","18.3",10.8,3.4,0.31
12,"Ty Johnson","RB","NYJ","MIA",20.5,24,6,0,0,0,0,0,5.8,26.5,0.1,2.3,18.7,0,1,NA,NA,NA,NA,NA,NA,NA,NA,NA,NA,NA,NA,NA,NA,NA,NA,NA,NA,NA,NA,NA,NA,NA,NA,NA,NA,NA,NA,NA,NA,NA,NA,NA,NA,NA,NA,NA,NA,NA,NA,NA,NA,NA,NA,NA,NA,NA,NA,NA,NA,NA,NA,NA,NA,NA,NA,NA,NA,NA,NA,NA,NA,10,202,3806,5.8,17,227,56,29.5,15.2,-24.97,33.9,42.1,"32",21,65.6,13,4.8,134.2,-30.24,62.6,2464,13,3.6,9,53,2.5,7.4,7,11.9,246.4,86.8,22,6.5,6.1,2.65,8.8,1434,1251,164,"41.6%",29,"7.4%",34,"9.5%",22,85,"21.6%",64,112,668,29.5,15.2,6,33.9,-24.9,280,1.81,"10","227","1046","8","59","48","392","1","22.0",NA,NA,NA
12,"Anthony McFarland","RB","PIT","BAL",16.6,11,5.6,0,0,0,0,0,8.2,33.1,0.1,1.6,10.5,0,1,NA,NA,NA,NA,NA,NA,NA,NA,NA,NA,NA,NA,NA,NA,NA,NA,NA,NA,NA,NA,NA,NA,NA,NA,NA,NA,NA,NA,NA,NA,NA,NA,NA,NA,NA,NA,NA,NA,NA,NA,NA,NA,NA,NA,NA,NA,NA,NA,NA,NA,NA,NA,NA,NA,NA,NA,NA,NA,NA,NA,NA,NA,10,195,3330,5.2,15,212,42,30,13.6,-7.77,34.5,42.9,"26",18,69.2,8,4.6,116,15.62,64.8,2170,14,3.9,5,34,1.4,6.6,6.8,10.2,217,91,27,5.6,5.8,-35.13,7.8,1278,1155,179,"44.8%",37,"9.3%",37,"10.3%",27,101,"25.3%",80,110,652,30,13.6,5.9,30.1,-25.1,278,1.74,"10","205","908","4","76","55","370","3","18.9",NA,NA,NA
12,"Justice Hill","RB","BAL","PIT",15.4,8,5.3,0,0,0,0,0,6.2,26.6,0.1,1.5,11.5,0,2,NA,NA,NA,NA,NA,NA,NA,NA,NA,NA,NA,NA,NA,NA,NA,NA,NA,NA,NA,NA,NA,NA,NA,NA,NA,NA,NA,NA,NA,NA,NA,NA,NA,NA,NA,NA,NA,NA,NA,NA,NA,NA,NA,NA,NA,NA,NA,NA,NA,NA,NA,NA,NA,NA,NA,NA,NA,NA,NA,NA,NA,NA,10,174,3069,4.9,21,177,65,27,17.4,41.49,38.8,26.7,"25",14,56,5,4.3,103.4,6.62,54.8,2035,15,4.3,15,53,4.3,6.7,5.6,12.1,203.5,71.8,38,5.3,4.3,29.87,9.6,1494,798,167,"41.9%",58,"14.5%",41,"11.9%",38,137,"34.3%",59,115,635,27,17.4,5.5,26.6,-27.3,265,1.5,"10","201","832","5","51","32","227","1","15.8",NA,NA,NA
12,"Cam Akers","RB","LAR","SFO",14.1,5,5.1,0,0,0,0,0,10.1,37.7,0.1,0.6,4.1,0,1,2,"TAM",10,5,15,3,0,1,1,4,4,1,100,4,7.9,8.9,8.9,8.4,8,6.25,25.12,0,7,4,25.1,0,"LAR","RB",8,0.38,0.38,100,3.38,9,0.12,2,9,0.4,3.4,0,7,18,0,11.5,4,7,0,10,1,-1,0,5.6,1,1,4,1,2.5,1,1,4,1,6.3,10,234,3159,5.2,12,198,54,41.1,10.3,-38.09,38.3,60,"26",16,61.5,7,3.9,107,17.43,65,2089,17,5.4,8,42,2.5,7,6.9,10.8,208.9,92.8,18,6.3,6.2,-57.93,7.7,1185,993,120,"34.1%",44,"12.5%",24,"7.6%",18,86,"24.4%",44,107,625,41.1,10.3,5.8,29.3,-30.3,279,2.13,"10","193","685","5","64","51","407","3","18.3",6.63,0.88,0.13
12,"LeVeon Bell","RB","KAN","TAM",13.1,4,5,0,0,0,0,0,6.1,21.4,0.2,1.3,9.6,0,2,2,"LVR",10,7,25,3.57,1,1,1,11,11,0,100,11,9.6,10.6,10.6,10.1,NA,NA,NA,NA,NA,NA,NA,NA,NA,NA,NA,NA,NA,NA,NA,NA,NA,NA,NA,NA,NA,NA,6,16,1,NA,2,7,1,NA,0,0,0,NA,1,1,-5,0,2,0,0,0,0,0,11,253,3416,5,19,206,62,33.9,15,7.75,41,50,"35",24,68.6,8,3.2,73,34,69.2,2613,20,4.9,14,50,3.4,7,6.5,10.1,237.5,91.1,32,6,5.4,-23.4,7.4,1650,1351,190,"41.9%",43,"9.5%",41,"10.1%",32,116,"25.6%",63,127,706,33.9,15,5.6,26.9,-30,279,1.9,"11","194","587","7","86","70","442","3","17.8",NA,NA,NA
12,"Patrick Laird","RB","MIA","NYJ",20.2,23,4.9,0,0,0,0,0,6.4,18.7,0.2,1.5,10.4,0.1,2,NA,NA,NA,NA,NA,NA,NA,NA,NA,NA,NA,NA,NA,NA,NA,NA,NA,NA,NA,NA,NA,NA,NA,NA,NA,NA,NA,NA,NA,NA,NA,NA,NA,NA,NA,NA,NA,NA,NA,NA,NA,NA,NA,NA,NA,NA,NA,NA,NA,NA,NA,NA,NA,NA,NA,NA,NA,NA,NA,NA,NA,NA,10,302,4000,5.9,11,245,72,47.7,10.1,-125.33,45.5,55.6,"40",21,52.5,12,3.8,111.7,16.96,72.9,2883,19,5.1,7,40,1.9,8,8.2,11,288.3,105.5,14,7.5,7.7,-148.62,7.5,1658,1328,141,"35.9%",27,"6.9%",29,"7.9%",14,70,"17.8%",100,109,702,47.7,10.1,6.4,36.7,-30.9,364,2.57,"10","230","958","8","83","69","431","1","22.7",NA,NA,NA
12,"Samaje Perine","RB","CIN","NYG",21.5,27,4.7,0,0,0,0,0,5.8,24.2,0.2,0.9,4.9,0,1,NA,NA,NA,NA,NA,NA,NA,NA,NA,NA,NA,NA,NA,NA,NA,NA,NA,NA,10,2.4,10.2,0.1,7,4.3,10.2,0,"CIN","",10,0.5,0.4,80,1.4,3.5,0,1,2.8,0.4,1.4,0,4,-1,1,9.3,3,0,1,11.5,1,1,1,7.1,3,3,12,0,5.8,0,0,0,0,0,10,236,3586,5.6,15,224,53,45,13,-60.47,44.3,72.7,"37",20,54.1,10,4,100.9,1.85,68.2,2577,15,4.1,8,52,2.2,7.6,7.5,11.2,257.7,95.3,25,6.7,6.5,-75.72,7.5,1637,1270,114,"28.9%",30,"7.6%",41,"11.3%",25,96,"24.4%",61,100,666,45,13,6.7,35.9,-27,365,2.35,"10","204","870","7","84","62","524","3","22.8",2.9,0.8,0.28
12,"Devontae Booker","RB","LVR","ATL",12.5,2,4.6,0,0,0,0,0,4.7,25.6,0.2,0.8,5.8,0,2,1,"KAN",10,5,16,3.2,0,1,1,3,3,0,100,3,1.9,2.9,2.9,2.4,10,5.4,32,0.3,16,5.9,32,1,"LVR","",10,1,1,100,6.5,6.5,0,1,6.5,1,6.5,1,9,28,1,15.8,2,9,1,7.7,0,0,0,0,1,1,3,0,2.4,1,1,3,0,4,10,275,4066,6.4,11,230,54,44,10.1,-109.46,38.5,37.5,"33",25,75.8,11,4.4,106.3,18.52,68.4,3003,22,5.9,7,35,1.9,8.4,8.7,12.3,300.3,105.9,17,7.7,8,-133.91,8.8,1848,1383,122,"29.7%",44,"10.7%",42,"11.2%",17,103,"25.1%",61,109,652,44,10.1,6,37.3,-27.9,278,2.53,"10","184","667","4","69","55","406","4","18.1",6.4,1.2,0.19
12,"Rodney Smith","RB","CAR","MIN",18.2,16,4.5,0,0,0,0,0,6.3,25.3,0.1,1.1,8.1,0,2,1,"DET",11,8,29,3.63,0,0,0,0,NA,0,0,NA,2.9,2.9,2.9,2.9,2,5.5,21,0,3,3.8,21,1,"CAR","",2,0.5,0.5,100,1,2,0,0,2,0.5,1,1,1,4,0,1.6,0,0,0,0,0,0,0,0,NA,NA,NA,NA,NA,NA,NA,NA,NA,NA,10,278,3828,5.8,12,228,46,49.1,8.5,-90.94,36.2,66.7,"36",20,55.6,6,4.3,122.1,-5.16,66.7,2607,22,6.1,8,30,2.2,7.5,7.8,11.3,260.7,100.1,19,6.9,7.1,-90.41,8.5,1603,1148,110,"27.8%",33,"8.3%",28,"7.8%",19,80,"20.2%",67,106,683,49.1,8.5,6.4,35.7,-34.5,296,2.53,"10","232","1034","6","72","56","369","1","21.0",6,0.5,0.08
12,"Joshua Kelley","RB","LAC","BUF",19.7,21,4.4,0,0,0,0,0,7.5,25.4,0.1,1.2,7,0,2,NA,NA,NA,NA,NA,NA,NA,NA,NA,NA,NA,NA,NA,NA,NA,NA,NA,NA,10,10.2,31.1,0.1,16,3,31.1,2,"LAC","",10,2.1,2.1,100,14.5,6.9,0,9,6.9,2.1,14.5,2,16,32,1,34.8,10,13,1,41.7,4,-3,0,50,2,2,1,0,4.4,1,1,-7,0,5.9,10,265,3737,5.8,16,232,58,48,16,-102.96,46.5,54.5,"40",25,62.5,15,4.8,135,-37.85,67.9,2387,15,4.5,7,39,2.1,7.6,7.5,11.2,238.7,96.5,27,6.6,6.6,-70.7,7.2,1463,1063,140,"36.5%",22,"5.7%",27,"8.1%",27,76,"19.8%",79,100,659,48,16,6.6,37.2,-27.6,296,2.64,"10","229","1069","9","53","40","344","0","21.3",12.3,3.1,0.25
12,"Sony Michel","RB","NWE","ARI",16.6,10,3.9,0,0,0,0,0,5.3,21.2,0.2,0.4,2.4,0,1,NA,NA,NA,NA,NA,NA,NA,NA,NA,NA,NA,NA,NA,NA,NA,NA,NA,NA,3,8.67,57.67,0.33,7,6.7,57.7,0,"NWE","RB",3,1,0.67,66.7,7.67,11.5,0,1,7.7,0.7,7.7,0,5,18,1,8.8,2,3,1,5.4,1,1,1,6.3,NA,NA,NA,NA,NA,NA,NA,NA,NA,NA,10,238,3677,5.5,12,238,72,41.5,10.4,-73.76,41,63.6,"35",18,51.4,6,4.6,124.7,-22.2,65.5,2430,19,5,8,33,2.1,6.9,7,10.6,243,93.6,25,6,6.1,-62.06,7.6,1296,1350,173,"40.3%",44,"10.3%",33,"8.8%",25,102,"23.8%",79,106,692,41.5,10.4,6.5,34.6,-28.2,361,2.19,"10","217","953","5","63","44","371","3","19.8",9.67,1.67,0.17
12,"Alexander Mattison","RB","MIN","CAR",19.8,22,3.6,0,0,0,0,0,4.4,19,0,1.1,9.3,0,1,NA,NA,NA,NA,NA,NA,NA,NA,NA,NA,NA,NA,NA,NA,NA,NA,NA,NA,10,7.2,33.2,0.1,18,4.6,33.2,0,"MIN","RB",10,1.1,0.9,81.8,6.1,6.8,0,3,5.5,0.9,6.1,0,17,58,1,28.8,10,23,1,25,4,6,1,20,NA,NA,NA,NA,NA,NA,NA,NA,NA,NA,11,272,3985,5.7,14,251,61,49.1,13.2,-103.86,51.8,60,"41",24,58.5,14,4.6,116.8,-9.22,67.9,2700,16,4,5,43,1.2,6.9,7.2,10.2,245.5,95.5,16,6.4,6.6,-99.19,7.4,1745,1373,92,"21.2%",41,"9.4%",30,"7.4%",16,87,"20.0%",87,106,723,49.1,13.2,6.8,37.3,-31.1,361,2.6,"11","236","1123","10","86","68","466","2","23.7",8.3,2.1,0.25
12,"Phillip Lindsay","RB","DEN","NOR",11.5,1,3.6,0,0,0,0,0,7.7,33.4,0,0.1,1,0,1,1,"MIA",10,16,82,5.13,0,0,0,0,NA,0,0,NA,8.2,8.2,8.2,8.2,7,10.43,56.29,0.14,13,5.4,56.3,0,"DEN","RB",7,1.14,0.29,25,2,7,0,1,1.8,0.3,2,0,4,4,0,13.8,3,0,0,17.6,3,0,0,30,1,1,11,0,2.6,0,0,0,0,0,10,222,3022,5,15,196,46,39,11.4,-47.69,41.5,57.9,"29",21,72.4,5,3.3,74.3,19.55,63.6,2279,20,5.6,11,46,3.1,7,6.8,11.1,227.9,90.2,32,5.9,5.7,-72.48,9,1571,1062,127,"32.2%",40,"10.1%",27,"7.6%",32,99,"25.1%",53,105,627,39,11.4,6,28.7,-26.2,285,2.12,"10","191","660","3","64","49","288","2","14.9",11.57,1.57,0.14
12,"DeAndre Washington","RB","MIA","NYJ",20.2,23,3.4,0,0,0,0,0,3.4,11.4,0.1,1.1,7.8,0,2,NA,NA,NA,NA,NA,NA,NA,NA,NA,NA,NA,NA,NA,NA,NA,NA,NA,NA,NA,NA,NA,NA,NA,NA,NA,NA,NA,NA,NA,NA,NA,NA,NA,NA,NA,NA,NA,NA,NA,NA,2,5,0,4.3,2,5,0,8,1,3,0,8.3,1,1,2,0,2,0,0,0,0,0,10,302,4000,5.9,11,245,72,47.7,10.1,-125.33,45.5,55.6,"40",21,52.5,12,3.8,111.7,16.96,72.9,2883,19,5.1,7,40,1.9,8,8.2,11,288.3,105.5,14,7.5,7.7,-148.62,7.5,1658,1328,141,"35.9%",27,"6.9%",29,"7.9%",14,70,"17.8%",100,109,702,47.7,10.1,6.4,36.7,-30.9,364,2.57,"10","230","958","8","83","69","431","1","22.7",NA,NA,NA
12,"CJ Prosise","RB","HOU","DET",29.6,32,3.1,0,0,0,0,0,5.6,12.4,0,1.2,8.5,0,2,NA,NA,NA,NA,NA,NA,NA,NA,NA,NA,NA,NA,NA,NA,NA,NA,NA,NA,9,1,1.89,0,0,1.9,1.9,1,"HOU","",9,0.44,0.44,100,0.89,2,0.11,1,2,0.4,0.9,1,3,1,0,10.3,2,0,0,10.5,1,-1,0,6.7,1,1,2,1,2.1,1,1,2,1,3.4,11,328,4358,6,11,274,73,44,9.5,-149.08,45.3,61.5,"44",29,65.9,17,4.4,133.4,-26.6,65.9,2891,22,5.8,7,38,1.8,7.9,8.3,12.1,262.8,101.7,16,7.3,7.6,-129.56,8.7,1674,1230,84,"20.7%",34,"8.4%",26,"6.8%",16,76,"18.7%",83,116,741,44,9.5,6.4,37.7,-27.1,299,2.66,"11","277","1279","14","78","55","543","7","30.7",1.44,0.66,0.46
12,"Alfred Morris","RB","NYG","CIN",17.9,14,3.1,0,0,0,0,0,6,28.8,0,0.3,1.1,0,2,NA,NA,NA,NA,NA,NA,NA,NA,NA,NA,NA,NA,NA,NA,NA,NA,NA,NA,3,8.33,43,0,7,5.2,43,0,"NYG","",3,0.33,0.33,100,1.33,4,0,0,4,0.3,1.3,0,1,1,0,3.2,0,0,0,0,0,0,0,0,NA,NA,NA,NA,NA,NA,NA,NA,NA,NA,10,270,3909,6.1,10,226,65,43.4,8.8,-102.71,45.2,42.9,"38",27,71.1,8,5,136.2,-17.95,63,2547,22,6.3,9,47,2.6,7.4,7.5,11.8,254.7,95.6,13,7,7.1,-89.88,8.7,1513,1094,116,"30.8%",29,"7.7%",26,"7.4%",13,68,"18.0%",69,113,662,43.4,8.8,5.9,34.6,-29.4,271,2.36,"10","230","1206","6","49","34","248","2","21.0",8.66,0.33,0.04
12,"Jalen Richard","RB","LVR","ATL",12.5,2,2.9,0,0,0,0,0,1.2,4.7,0.1,1.4,11.5,0,2,NA,NA,NA,NA,NA,NA,NA,NA,NA,NA,NA,NA,NA,NA,NA,NA,NA,NA,9,1.56,9.22,0.11,5,5.9,9.2,0,"LVR","",9,1.67,1.33,80,10,7.5,0,3,6,1.3,10,0,NA,NA,NA,NA,NA,NA,NA,NA,NA,NA,NA,NA,NA,NA,NA,NA,NA,NA,NA,NA,NA,NA,10,275,4066,6.4,11,230,54,44,10.1,-109.46,38.5,37.5,"33",25,75.8,11,4.4,106.3,18.52,68.4,3003,22,5.9,7,35,1.9,8.4,8.7,12.3,300.3,105.9,17,7.7,8,-133.91,8.8,1848,1383,122,"29.7%",44,"10.7%",42,"11.2%",17,103,"25.1%",61,109,652,44,10.1,6,37.3,-27.9,278,2.53,"10","184","667","4","69","55","406","4","18.1",3.23,NA,NA
12,"Troymaine Pope","RB","LAC","BUF",19.7,21,2.8,0,0,0,0,0,4.9,17.8,0.1,0.6,4.2,0,2,NA,NA,NA,NA,NA,NA,NA,NA,NA,NA,NA,NA,NA,NA,NA,NA,NA,NA,5,2.8,15.4,0,3,5.5,15.4,0,"LAC","",5,1.8,1.4,77.8,8,5.7,0,1,4.4,1.4,8,0,NA,NA,NA,NA,NA,NA,NA,NA,NA,NA,NA,NA,NA,NA,NA,NA,NA,NA,NA,NA,NA,NA,10,265,3737,5.8,16,232,58,48,16,-102.96,46.5,54.5,"40",25,62.5,15,4.8,135,-37.85,67.9,2387,15,4.5,7,39,2.1,7.6,7.5,11.2,238.7,96.5,27,6.6,6.6,-70.7,7.2,1463,1063,140,"36.5%",22,"5.7%",27,"8.1%",27,76,"19.8%",79,100,659,48,16,6.6,37.2,-27.6,296,2.64,"10","229","1069","9","53","40","344","0","21.3",4.6,NA,NA
12,"Devine Ozigbo","RB","JAX","CLE",16.2,9,2.8,0,0,0,0,0,0,0,0,1.8,15.7,0.1,1,NA,NA,NA,NA,NA,NA,NA,NA,NA,NA,NA,NA,NA,NA,NA,NA,NA,NA,NA,NA,NA,NA,NA,NA,NA,NA,NA,NA,NA,NA,NA,NA,NA,NA,NA,NA,NA,NA,NA,NA,NA,NA,NA,NA,NA,NA,NA,NA,NA,NA,NA,NA,NA,NA,NA,NA,NA,NA,NA,NA,NA,NA,10,261,3529,5.3,17,230,55,41.7,16.5,-71.98,45.6,88.2,"41",24,58.5,9,4,105,-13.69,66.1,2479,20,5.3,9,48,2.4,7.1,7.1,10.8,247.9,94.6,27,6.2,6.2,-58.96,7.9,1531,1232,99,"23.7%",40,"9.6%",15,"4.0%",27,82,"19.7%",58,103,680,41.7,16.5,6.6,34,-30,295,2.38,"10","202","794","7","57","46","377","1","18.4",NA,NA,NA
12,"Boston Scott","RB","PHI","SEA",18.7,17,2.5,0,0,0,0,0,2.8,10.8,0.1,0.7,6.3,0,1,2,"CLE",10,5,24,4.8,0,3,3,26,8.67,0,100,8.67,5,8,8,6.5,10,5.6,27,0.1,13,4.8,27,1,"PHI","RB",10,2.1,1.6,76.2,14,8.8,0.1,5,6.7,1.6,14,1,8,20,0,22.9,4,14,0,18.2,1,-1,0,14.3,5,3,25,1,12.2,2,1,6,0,13.3,10,287,4349,6,15,270,59,47.3,12.7,-116.82,49.6,56.3,"40",28,70,15,3.6,91.2,-1.45,69.7,3437,18,4,9,49,2,8,7.9,11.5,343.7,98.4,25,7.3,7.2,-130.19,8.2,2167,1423,168,"34.2%",47,"9.6%",34,"7.6%",25,106,"21.6%",65,110,743,47.3,12.7,6.8,39.6,-26,288,2.62,"10","184","673","10","82","66","497","2","22.2",7.7,2.5,0.32
12,"Kyle Juszczyk","RB","SFO","LAR",14.2,6,2.4,0,0,0,0,0,1,3.6,0.1,0.9,9.5,0.1,2,NA,NA,NA,NA,NA,NA,NA,NA,NA,NA,NA,NA,NA,NA,NA,NA,NA,NA,10,0.8,4.1,0.2,8,5.1,4.1,0,"SFO","FB",10,1.6,1,62.5,11.8,11.8,0,4,7.4,1,11.8,0,2,11,2,4.3,2,11,2,9.1,1,4,1,9.1,1,0,0,0,2,0,0,0,0,0,10,192,2919,4.7,15,187,46,29.1,13.6,32.76,37,35.7,"29",18,62.1,8,3.9,91.3,6.27,62.9,2006,11,3,10,42,2.8,6.1,5.5,9.7,200.6,78.6,32,5.1,4.5,21.82,7.6,1026,1124,112,"27.2%",25,"6.1%",28,"7.8%",32,85,"20.6%",53,110,639,29.1,13.6,5.8,26.5,-27.6,273,1.56,"10","192","747","5","74","52","397","1","17.2",2.4,1.8,0.75
12,"Donta Foreman","RB","TEN","IND",15.1,7,1.7,0,0,0,0,0,2.8,11.2,0,0.4,2.6,0,2,NA,NA,NA,NA,NA,NA,NA,NA,NA,NA,NA,NA,NA,NA,NA,NA,NA,NA,NA,NA,NA,NA,NA,NA,NA,NA,NA,NA,NA,NA,NA,NA,NA,NA,NA,NA,NA,NA,NA,NA,NA,NA,NA,NA,NA,NA,NA,NA,NA,NA,NA,NA,NA,NA,NA,NA,NA,NA,NA,NA,NA,NA,10,208,2981,5,17,189,54,32.7,15.4,-10.9,40.8,50,"29",19,65.5,8,3.5,89.2,18.02,63.3,2089,14,4.3,12,51,3.7,6.9,6.1,11,208.9,82.7,22,6,5.3,-27.66,8.2,1319,1000,68,"18.6%",39,"10.7%",21,"6.5%",22,82,"22.4%",38,104,613,32.7,15.4,5.9,28.7,-24.8,285,1.83,"10","203","696","5","54","45","289","4","17.7",NA,NA,NA
12,"Jeff Wilson","RB","SFO","LAR",14.2,6,1.6,0,0,0,0,0,2.4,8.3,0.1,0.4,2.4,0,2,NA,NA,NA,NA,NA,NA,NA,NA,NA,NA,NA,NA,NA,NA,NA,NA,NA,NA,6,6.33,27.17,0.67,10,4.3,27.2,0,"SFO","RB",6,1.17,1,85.7,12.5,12.5,0.17,4,10.7,1,12.5,0,11,41,4,23.9,4,15,3,18.2,2,5,2,18.2,2,2,35,1,4,0,0,0,0,0,10,192,2919,4.7,15,187,46,29.1,13.6,32.76,37,35.7,"29",18,62.1,8,3.9,91.3,6.27,62.9,2006,11,3,10,42,2.8,6.1,5.5,9.7,200.6,78.6,32,5.1,4.5,21.82,7.6,1026,1124,112,"27.2%",25,"6.1%",28,"7.8%",32,85,"20.6%",53,110,639,29.1,13.6,5.8,26.5,-27.6,273,1.56,"10","192","747","5","74","52","397","1","17.2",7.5,1.84,0.25
12,"Tyler Ervin","RB","GNB","CHI",12.9,3,1.5,0,0,0,0,0,1.1,5.7,0,0.7,5.2,0,1,NA,NA,NA,NA,NA,NA,NA,NA,NA,NA,NA,NA,NA,NA,NA,NA,NA,NA,7,1.86,9.57,0,4,5.2,9.6,0,"GNB","",7,2.14,1.57,73.3,12,7.6,0,6,5.6,1.6,12,0,3,18,0,7.7,1,2,0,3.8,1,2,0,7.1,NA,NA,NA,NA,NA,NA,NA,NA,NA,NA,10,209,3401,5.2,11,205,64,37,9.2,-12.02,33.3,66.7,"34",15,44.1,6,4,115.1,21.14,61.1,2250,12,3.4,6,45,1.7,6.8,6.7,11.1,225,85.7,21,6.1,6,-34.58,8.5,1457,1064,83,"21.4%",28,"7.2%",28,"8.0%",21,77,"19.8%",60,119,690,37,9.2,5.8,28.6,-29.9,275,1.71,"10","240","972","6","64","46","323","0","18.5",4,2.28,0.57
12,"Alec Ingold","RB","LVR","ATL",12.5,2,1.4,0,0,0,0,0,0.4,1.2,0,0.7,5.8,0.1,2,NA,NA,NA,NA,NA,NA,NA,NA,NA,NA,NA,NA,NA,NA,NA,NA,NA,NA,NA,NA,NA,NA,NA,NA,NA,NA,NA,NA,NA,NA,NA,NA,NA,NA,NA,NA,NA,NA,NA,NA,NA,NA,NA,NA,NA,NA,NA,NA,NA,NA,NA,NA,NA,NA,NA,NA,NA,NA,NA,NA,NA,NA,10,275,4066,6.4,11,230,54,44,10.1,-109.46,38.5,37.5,"33",25,75.8,11,4.4,106.3,18.52,68.4,3003,22,5.9,7,35,1.9,8.4,8.7,12.3,300.3,105.9,17,7.7,8,-133.91,8.8,1848,1383,122,"29.7%",44,"10.7%",42,"11.2%",17,103,"25.1%",61,109,652,44,10.1,6,37.3,-27.9,278,2.53,"10","184","667","4","69","55","406","4","18.1",NA,NA,NA
12,"Trayveon Williams","RB","CIN","NYG",21.5,27,1.4,0,0,0,0,0,1.9,8.5,0.1,0,0,0,1,NA,NA,NA,NA,NA,NA,NA,NA,NA,NA,NA,NA,NA,NA,NA,NA,NA,NA,4,1.25,5.5,0,2,4.4,5.5,0,NA,NA,NA,NA,NA,NA,NA,NA,NA,NA,NA,NA,NA,NA,NA,NA,NA,NA,NA,NA,NA,NA,NA,NA,NA,NA,NA,NA,NA,NA,NA,NA,NA,NA,NA,NA,10,236,3586,5.6,15,224,53,45,13,-60.47,44.3,72.7,"37",20,54.1,10,4,100.9,1.85,68.2,2577,15,4.1,8,52,2.2,7.6,7.5,11.2,257.7,95.3,25,6.7,6.5,-75.72,7.5,1637,1270,114,"28.9%",30,"7.6%",41,"11.3%",25,96,"24.4%",61,100,666,45,13,6.7,35.9,-27,365,2.35,"10","204","870","7","84","62","524","3","22.8",NA,NA,NA
12,"Dion Lewis","RB","NYG","CIN",17.9,14,1.4,0,0,0,0,0,0.9,3.2,0,1,5.4,0,2,NA,NA,NA,NA,NA,NA,NA,NA,NA,NA,NA,NA,NA,NA,NA,NA,NA,NA,10,1.9,5.9,0.1,4,3.1,5.9,1,"NYG","RB",10,2.4,1.6,66.7,10.6,6.6,0.1,7,4.4,1.6,10.6,1,2,2,1,6.5,2,2,1,13.3,2,2,1,16.7,5,4,12,1,10.9,1,1,7,1,5.6,10,270,3909,6.1,10,226,65,43.4,8.8,-102.71,45.2,42.9,"38",27,71.1,8,5,136.2,-17.95,63,2547,22,6.3,9,47,2.6,7.4,7.5,11.8,254.7,95.6,13,7,7.1,-89.88,8.7,1513,1094,116,"30.8%",29,"7.7%",26,"7.4%",13,68,"18.0%",69,113,662,43.4,8.8,5.9,34.6,-29.4,271,2.36,"10","230","1206","6","49","34","248","2","21.0",4.3,2.6,0.6
12,"Jakob Johnson","RB","NWE","ARI",16.6,10,1.3,0,0,0,0,0,0,0,0,0.7,3.5,0.1,1,NA,NA,NA,NA,NA,NA,NA,NA,NA,NA,NA,NA,NA,NA,NA,NA,NA,NA,NA,NA,NA,NA,NA,NA,NA,NA,NA,NA,NA,NA,NA,NA,NA,NA,NA,NA,NA,NA,NA,NA,NA,NA,NA,NA,NA,NA,NA,NA,NA,NA,NA,NA,NA,NA,NA,NA,NA,NA,NA,NA,NA,NA,10,238,3677,5.5,12,238,72,41.5,10.4,-73.76,41,63.6,"35",18,51.4,6,4.6,124.7,-22.2,65.5,2430,19,5,8,33,2.1,6.9,7,10.6,243,93.6,25,6,6.1,-62.06,7.6,1296,1350,173,"40.3%",44,"10.3%",33,"8.8%",25,102,"23.8%",79,106,692,41.5,10.4,6.5,34.6,-28.2,361,2.19,"10","217","953","5","63","44","371","3","19.8",NA,NA,NA
12,"Jeremy McNichols","RB","TEN","IND",15.1,7,1.3,0,0,0,0,0,0.7,4.9,0,0.7,4,0,2,NA,NA,NA,NA,NA,NA,NA,NA,NA,NA,NA,NA,NA,NA,NA,NA,NA,NA,10,2.6,17.3,0,7,6.7,17.3,0,"TEN","",10,0.9,0.6,66.7,2.9,4.8,0,0,3.2,0.6,2.9,0,5,15,0,8.5,1,-1,0,3.1,0,0,0,0,4,3,16,0,9.3,1,1,2,0,4.3,10,208,2981,5,17,189,54,32.7,15.4,-10.9,40.8,50,"29",19,65.5,8,3.5,89.2,18.02,63.3,2089,14,4.3,12,51,3.7,6.9,6.1,11,208.9,82.7,22,6,5.3,-27.66,8.2,1319,1000,68,"18.6%",39,"10.7%",21,"6.5%",22,82,"22.4%",38,104,613,32.7,15.4,5.9,28.7,-24.8,285,1.83,"10","203","696","5","54","45","289","4","17.7",3.5,1,0.29
12,"Darrel Williams","RB","KAN","TAM",13.1,4,1.2,0,0,0,0,0,0,0,0,0.8,6.4,0,2,NA,NA,NA,NA,NA,NA,NA,NA,NA,NA,NA,NA,NA,NA,NA,NA,NA,NA,10,2,8,0.1,7,4,8,0,"KAN","RB",10,1.7,1.2,70.6,8.2,6.8,0,6,4.8,1.2,8.2,0,3,10,1,6.5,0,0,0,0,0,0,0,0,1,0,0,0,2,0,0,0,0,0,11,253,3416,5,19,206,62,33.9,15,7.75,41,50,"35",24,68.6,8,3.2,73,34,69.2,2613,20,4.9,14,50,3.4,7,6.5,10.1,237.5,91.1,32,6,5.4,-23.4,7.4,1650,1351,190,"41.9%",43,"9.5%",41,"10.1%",32,116,"25.6%",63,127,706,33.9,15,5.6,26.9,-30,279,1.9,"11","194","587","7","86","70","442","3","17.8",3.7,1.7,0.46
12,"Qadree Ollison","RB","ATL","LVR",22.2,28,0.9,0,0,0,0,0,2,6.3,0,0,0,0,1,NA,NA,NA,NA,NA,NA,NA,NA,NA,NA,NA,NA,NA,NA,NA,NA,NA,NA,NA,NA,NA,NA,NA,NA,NA,NA,NA,NA,NA,NA,NA,NA,NA,NA,NA,NA,NA,NA,NA,NA,NA,NA,NA,NA,NA,NA,NA,NA,NA,NA,NA,NA,NA,NA,NA,NA,NA,NA,NA,NA,NA,NA,10,276,3858,6,11,240,65,49,10.2,-127.01,48,84.6,"41",27,65.9,16,4.4,112.2,-30.08,63.4,2736,16,4.2,8,48,2.1,7.3,7.2,11.6,273.6,90.6,11,7,6.9,-104.35,7.8,1695,1286,79,"19.2%",49,"11.9%",28,"7.3%",11,88,"21.4%",87,98,666,49,10.2,6.8,39.4,-27.4,292,2.78,"10","198","906","12","86","60","498","2","25.6",NA,NA,NA
12,"Josh Adams","RB","NYJ","MIA",20.5,24,0.6,0,0,0,0,0,1.6,4.6,0,0,0,0,1,NA,NA,NA,NA,NA,NA,NA,NA,NA,NA,NA,NA,NA,NA,NA,NA,NA,NA,NA,NA,NA,NA,NA,NA,NA,NA,NA,NA,NA,NA,NA,NA,NA,NA,NA,NA,NA,NA,NA,NA,1,2,1,4.3,1,2,1,12.5,1,2,1,33.3,NA,NA,NA,NA,NA,NA,NA,NA,NA,NA,10,202,3806,5.8,17,227,56,29.5,15.2,-24.97,33.9,42.1,"32",21,65.6,13,4.8,134.2,-30.24,62.6,2464,13,3.6,9,53,2.5,7.4,7,11.9,246.4,86.8,22,6.5,6.1,2.65,8.8,1434,1251,164,"41.6%",29,"7.4%",34,"9.5%",22,85,"21.6%",64,112,668,29.5,15.2,6,33.9,-24.9,280,1.81,"10","227","1046","8","59","48","392","1","22.0",NA,NA,NA
12,"Jonathan Williams","RB","DET","HOU",24.9,31,0.6,0,0,0,0,0,1,5.2,0,0,0,0,1,NA,NA,NA,NA,NA,NA,NA,NA,NA,NA,NA,NA,NA,NA,NA,NA,NA,NA,NA,NA,NA,NA,NA,NA,NA,NA,NA,NA,NA,NA,NA,NA,NA,NA,NA,NA,NA,NA,NA,NA,NA,NA,NA,NA,NA,NA,NA,NA,NA,NA,NA,NA,NA,NA,NA,NA,NA,NA,NA,NA,NA,NA,11,297,4505,6,8,267,47,43.5,7,-150.61,48.3,53.3,"44",27,61.4,15,4.9,154.7,-31.27,67.8,2803,20,5.3,3,35,0.8,7.8,8.5,11.5,254.8,105.4,25,6.9,7.6,-122.57,7.7,1362,1361,129,"31.2%",37,"8.9%",20,"5.3%",25,82,"19.8%",71,115,768,43.5,7,6.7,39.2,-26.9,372,2.52,"11","298","1564","14","74","52","478","0","28.0",NA,NA,NA
12,"Patrick Ricard","RB","BAL","PIT",15.4,8,0.5,0,0,0,0,0,0,0,0,0.5,1.9,0,2,NA,NA,NA,NA,NA,NA,NA,NA,NA,NA,NA,NA,NA,NA,NA,NA,NA,NA,NA,NA,NA,NA,NA,NA,NA,NA,NA,NA,NA,NA,NA,NA,NA,NA,NA,NA,NA,NA,NA,NA,1,-1,0,1.9,1,-1,0,3.1,0,0,0,0,2,2,6,1,6.1,2,2,6,1,9.5,10,174,3069,4.9,21,177,65,27,17.4,41.49,38.8,26.7,"25",14,56,5,4.3,103.4,6.62,54.8,2035,15,4.3,15,53,4.3,6.7,5.6,12.1,203.5,71.8,38,5.3,4.3,29.87,9.6,1494,798,167,"41.9%",58,"14.5%",41,"11.9%",38,137,"34.3%",59,115,635,27,17.4,5.5,26.6,-27.3,265,1.5,"10","201","832","5","51","32","227","1","15.8",NA,NA,NA
12,"Royce Freeman","RB","DEN","NOR",11.5,1,0.3,0,0,0,0,0,1,3.6,0,0,0,0,1,NA,NA,NA,NA,NA,NA,NA,NA,NA,NA,NA,NA,NA,NA,NA,NA,NA,NA,10,2.2,7.9,0,6,3.6,7.9,0,"DEN","RB",10,1,0.9,90,7.3,8.1,0,4,7.3,0.9,7.3,0,2,3,0,6.9,1,0,0,5.9,1,0,0,10,3,3,20,0,7.9,0,0,0,0,0,10,222,3022,5,15,196,46,39,11.4,-47.69,41.5,57.9,"29",21,72.4,5,3.3,74.3,19.55,63.6,2279,20,5.6,11,46,3.1,7,6.8,11.1,227.9,90.2,32,5.9,5.7,-72.48,9,1571,1062,127,"32.2%",40,"10.1%",27,"7.6%",32,99,"25.1%",53,105,627,39,11.4,6,28.7,-26.2,285,2.12,"10","191","660","3","64","49","288","2","14.9",3.2,1.1,0.34
12,"Gabe Nabers","RB","LAC","BUF",19.7,21,0.3,0,0,0,0,0,0,0,0,0.2,1.4,0,2,NA,NA,NA,NA,NA,NA,NA,NA,NA,NA,NA,NA,NA,NA,NA,NA,NA,NA,NA,NA,NA,NA,NA,NA,NA,NA,NA,NA,NA,NA,NA,NA,NA,NA,NA,NA,NA,NA,NA,NA,NA,NA,NA,NA,NA,NA,NA,NA,NA,NA,NA,NA,NA,NA,NA,NA,NA,NA,NA,NA,NA,NA,10,265,3737,5.8,16,232,58,48,16,-102.96,46.5,54.5,"40",25,62.5,15,4.8,135,-37.85,67.9,2387,15,4.5,7,39,2.1,7.6,7.5,11.2,238.7,96.5,27,6.6,6.6,-70.7,7.2,1463,1063,140,"36.5%",22,"5.7%",27,"8.1%",27,76,"19.8%",79,100,659,48,16,6.6,37.2,-27.6,296,2.64,"10","229","1069","9","53","40","344","0","21.3",NA,NA,NA
12,"CJ Ham","RB","MIN","CAR",19.8,22,0.2,0,0,0,0,0,0,0,0,0.2,1.3,0,1,NA,NA,NA,NA,NA,NA,NA,NA,NA,NA,NA,NA,NA,NA,NA,NA,NA,NA,NA,NA,NA,NA,NA,NA,NA,NA,NA,NA,NA,NA,NA,NA,NA,NA,NA,NA,NA,NA,NA,NA,3,8,0,5.1,2,6,0,5,0,0,0,0,1,0,0,0,3.7,0,0,0,0,0,11,272,3985,5.7,14,251,61,49.1,13.2,-103.86,51.8,60,"41",24,58.5,14,4.6,116.8,-9.22,67.9,2700,16,4,5,43,1.2,6.9,7.2,10.2,245.5,95.5,16,6.4,6.6,-99.19,7.4,1745,1373,92,"21.2%",41,"9.4%",30,"7.4%",16,87,"20.0%",87,106,723,49.1,13.2,6.8,37.3,-31.1,361,2.6,"11","236","1123","10","86","68","466","2","23.7",NA,NA,NA
12,"Peyton Barber","RB","WAS","DAL",17.7,13,0.2,0,0,0,0,0,0.5,1.7,0,0,0,0,2,1,"CIN",10,8,28,3.5,0,0,0,0,NA,0,0,NA,2.8,2.8,2.8,2.8,11,5.36,15.73,0.18,16,2.9,15.7,0,"WAS","RB",11,0.27,0.18,66.7,1,5.5,0,1,3.7,0.2,1,0,13,21,2,21.7,9,14,2,26.5,6,4,2,28.6,NA,NA,NA,NA,NA,NA,NA,NA,NA,NA,11,359,4202,5.8,10,248,62,46.8,8.1,-116.05,49.7,46.2,"40",27,67.5,15,4.9,156.4,-47.21,63.8,2482,25,7.1,4,28,1.1,7.4,8.3,11.6,225.6,105.1,22,6.7,7.5,-78.53,8.6,1315,1074,95,"24.4%",37,"9.5%",28,"8.0%",22,87,"22.3%",70,124,743,46.8,8.1,6,33.9,-32.4,290,2.69,"11","298","1438","12","54","40","235","0","23.4",5.63,1.09,0.19
12,"Keith Smith","RB","ATL","LVR",22.2,28,0.2,0,0,0,0,0,0.7,2.1,0,0,0,0,1,NA,NA,NA,NA,NA,NA,NA,NA,NA,NA,NA,NA,NA,NA,NA,NA,NA,NA,NA,NA,NA,NA,NA,NA,NA,NA,NA,NA,NA,NA,NA,NA,NA,NA,NA,NA,NA,NA,NA,NA,NA,NA,NA,NA,NA,NA,NA,NA,NA,NA,NA,NA,NA,NA,NA,NA,NA,NA,NA,NA,NA,NA,10,276,3858,6,11,240,65,49,10.2,-127.01,48,84.6,"41",27,65.9,16,4.4,112.2,-30.08,63.4,2736,16,4.2,8,48,2.1,7.3,7.2,11.6,273.6,90.6,11,7,6.9,-104.35,7.8,1695,1286,79,"19.2%",49,"11.9%",28,"7.3%",11,88,"21.4%",87,98,666,49,10.2,6.8,39.4,-27.4,292,2.78,"10","198","906","12","86","60","498","2","25.6",NA,NA,NA
12,"Buddy Howell","RB","HOU","DET",29.6,32,0.1,0,0,0,0,0,0.5,1.2,0,0,0,0,2,NA,NA,NA,NA,NA,NA,NA,NA,NA,NA,NA,NA,NA,NA,NA,NA,NA,NA,NA,NA,NA,NA,NA,NA,NA,NA,NA,NA,NA,NA,NA,NA,NA,NA,NA,NA,NA,NA,NA,NA,NA,NA,NA,NA,NA,NA,NA,NA,NA,NA,NA,NA,NA,NA,NA,NA,NA,NA,NA,NA,NA,NA,11,328,4358,6,11,274,73,44,9.5,-149.08,45.3,61.5,"44",29,65.9,17,4.4,133.4,-26.6,65.9,2891,22,5.8,7,38,1.8,7.9,8.3,12.1,262.8,101.7,16,7.3,7.6,-129.56,8.7,1674,1230,84,"20.7%",34,"8.4%",26,"6.8%",16,76,"18.7%",83,116,741,44,9.5,6.4,37.7,-27.1,299,2.66,"11","277","1279","14","78","55","543","7","30.7",NA,NA,NA
